{
  "mode": "closed-set",
  "test_samples": 4364,
  "test_identities": 3960,
  "genuine_pairs": 405,
  "impostor_pairs": 40500,
  "systems": {
    "ArcFace": {
      "EER": 0.03458024691358025,
      "EER_threshold": 0.3167739683705004,
      "TAR_at_FAR_1pct": 0.9333333333333333,
      "TAR_at_FAR_0.1pct": 0.5185185185185186,
      "genuine_mean": 0.7522566914558411,
      "impostor_mean": 0.013965488411486149,
      "gap": 0.7382912039756775,
      "genuine_pairs": 405,
      "impostor_pairs": 40500
    },
    "Softmax": {
      "EER": 0.04198765432098765,
      "EER_threshold": 0.35934098616446575,
      "TAR_at_FAR_1pct": 0.9308641975308642,
      "TAR_at_FAR_0.1pct": 0.8271604938271605,
      "genuine_mean": 0.7719258069992065,
      "impostor_mean": 0.03809673711657524,
      "gap": 0.7338290810585022,
      "genuine_pairs": 405,
      "impostor_pairs": 40500
    },
    "Gabor": {
      "EER": 0.2667283950617284,
      "EER_threshold": 0.6112482628115107,
      "TAR_at_FAR_1pct": 0.4271604938271605,
      "TAR_at_FAR_0.1pct": 0.2913580246913581,
      "genuine_mean": 0.686308741569519,
      "impostor_mean": 0.5712469816207886,
      "gap": 0.11506175994873047,
      "genuine_pairs": 405,
      "impostor_pairs": 40500
    }
  }
}