{
  "mode": "openset",
  "test_samples": 2982,
  "test_identities": 396,
  "genuine_pairs": 13216,
  "impostor_pairs": 1321600,
  "systems": {
    "ArcFace": {
      "EER": 0.03261841707021792,
      "EER_threshold": 0.3119205032805107,
      "TAR_at_FAR_1pct": 0.9430992736077481,
      "TAR_at_FAR_0.1pct": 0.8154509685230025,
      "genuine_mean": 0.740027129650116,
      "impostor_mean": 0.013946968130767345,
      "gap": 0.7260801792144775
    },
    "Softmax": {
      "EER": 0.04515089934278796,
      "EER_threshold": 0.38046450140058335,
      "TAR_at_FAR_1pct": 0.9116222760290557,
      "TAR_at_FAR_0.1pct": 0.7846549636803875,
      "genuine_mean": 0.7654083967208862,
      "impostor_mean": 0.06385336071252823,
      "gap": 0.7015550136566162
    },
    "Gabor": {
      "EER": 0.25292189140080373,
      "EER_threshold": 0.6139345359226657,
      "TAR_at_FAR_1pct": 0.41147094430992737,
      "TAR_at_FAR_0.1pct": 0.28223365617433416,
      "genuine_mean": 0.687717080116272,
      "impostor_mean": 0.5708855390548706,
      "gap": 0.11683154106140137
    }
  }
}